url_path,views_total,views_unique
/stack-of-tasks/tsid,201,105
/stack-of-tasks/tsid/tree/master/src,86,13
/stack-of-tasks/tsid/tree/master/exercizes,77,14
/stack-of-tasks/tsid/tree/master/demo,34,12
/stack-of-tasks/tsid/tree/master/include/tsid,27,6
/stack-of-tasks/tsid/tree/master/src/robots,23,5
/stack-of-tasks/tsid/blob/master/demo/demo_quadruped.py,19,7
/stack-of-tasks/tsid/blob/master/exercizes/ex_3_biped_balance_with_gui.py,19,5
/stack-of-tasks/tsid/tree/master/exercizes/notebooks,19,5
/stack-of-tasks/tsid/tree/master/models,19,4
